UDI,Product ID,Type,Air temperature [K],Process temperature [K],Rotational speed [rpm],Torque [Nm],Tool wear [min],Machine failure,TWF,HDF,PWF,OSF,RNF,risk_score,prediction
2204,L12203,L,301.7,311.1,1375,44.2,239,0,0,0,0,0,0,0.75741416,1
4601,M14600,M,301.8,312.4,1751,29.0,230,0,0,0,0,0,0,0.37698036,1
156,M10155,M,301.3,313.2,1342,48.7,219,0,0,0,0,0,0,0.55533624,1
5156,L15155,L,301.0,310.8,1149,59.6,8,0,0,0,0,0,0,0.50885814,1
4205,M14204,M,301.5,312.8,1549,36.2,224,0,0,0,0,0,0,0.5902834,1
9540,L19539,L,297.5,306.1,1359,48.8,0,0,0,0,0,0,0,0.58035386,1
7393,L17392,L,297.0,305.6,1254,52.0,142,0,0,0,0,0,0,0.70300156,1
4052,M14051,M,301.4,312.2,1394,53.4,224,0,0,0,0,0,0,0.8490064,1
9779,M19778,M,297.5,306.1,1190,61.8,38,0,0,0,0,0,0,0.6854465,1
5322,M15321,M,300.6,309.9,1341,49.2,227,0,0,0,0,0,0,0.39508677,1
6736,H16735,H,298.7,307.3,1218,55.6,21,0,0,0,0,0,0,0.9708411,1
9841,M19840,M,297.3,306.5,1298,52.8,212,0,0,0,0,0,0,0.83343166,1
2658,M12657,M,301.9,311.9,1683,29.4,209,0,0,0,0,0,0,0.79958576,1
9623,H19622,H,297.0,306.5,1714,27.8,233,0,0,0,0,0,0,0.773272,1
